Country,Individuals,Relative Frequency (Percent),Cumulative Frequency(Percent)
China,2837,27.3973925639788,27.3973925639788
India,1887,18.2230806373732,45.620473201352
Indonesia,910,8.78802510864317,54.4084983099952
Jordan,931,8.99082568807339,63.3993239980686
Pakistan,1629,15.7315306615162,79.1308546595847
Russia,916,8.84596813133752,87.9768227909223
US,1245,12.0231772090777,100
<NA>,0,NA,NA
Total,10355,100,100
