Min,Q1,Median,Q3,Max
483.031871914065,486.640454005953,1135.44794963606,1901.58037939377,38175.3763829721
